File,Class
new_1_100.mat,0.822359821955276
new_1_101.mat,0.717754341889253
new_1_102.mat,0.290155379653266
new_1_103.mat,0.341777613349303
new_1_104.mat,0.393658855760167
new_1_105.mat,0.314540258226379
new_1_106.mat,0.450370635785205
new_1_107.mat,0.587562535882936
new_1_108.mat,0.0835272193058458
new_1_109.mat,0.825152348294906
new_1_10.mat,0.182055828260495
new_1_110.mat,0.0525245450336061
new_1_111.mat,0.847991373014119
new_1_112.mat,0.414936939266653
new_1_113.mat,0.390887969333408
new_1_114.mat,0.0938741632250704
new_1_115.mat,0.316509324983922
new_1_116.mat,0.241397317916331
new_1_117.mat,0.48841507368702
new_1_118.mat,0.284168929220742
new_1_119.mat,0.798911108422028
new_1_11.mat,0.561895363726617
new_1_120.mat,0.871794731242073
new_1_121.mat,0.807173753900652
new_1_122.mat,0.460108749636041
new_1_123.mat,0.607975274040943
new_1_124.mat,0.645381427808667
new_1_125.mat,0.808508327282276
new_1_126.mat,0.24267584215805
new_1_127.mat,0.904130080549668
new_1_128.mat,0.558141002928215
new_1_129.mat,0.739909075454713
new_1_12.mat,0.143393271738149
new_1_130.mat,0.101296238085662
new_1_131.mat,0.564895549147088
new_1_132.mat,0.839709984717219
new_1_133.mat,0.867177817621645
new_1_134.mat,0.89419341323153
new_1_135.mat,0.2617256371364
new_1_136.mat,0.787167645673629
new_1_137.mat,0.193047112424084
new_1_138.mat,0.250350687232074
new_1_139.mat,0.638746166838945
new_1_13.mat,0
new_1_140.mat,0.237346912051988
new_1_141.mat,0.431432892094133
new_1_142.mat,0.723450325187171
new_1_143.mat,0.577642743655868
new_1_144.mat,0.28114652189335
new_1_145.mat,0.682386410256364
new_1_146.mat,0.503192578681819
new_1_147.mat,0
new_1_148.mat,0.790966255870148
new_1_149.mat,0.166126802970712
new_1_14.mat,0.0645210398863734
new_1_150.mat,0.220050770756886
new_1_151.mat,0.440550459155781
new_1_152.mat,0.386956906911945
new_1_153.mat,0.707720065051155
new_1_154.mat,0.579572237704236
new_1_155.mat,0.135950383077861
new_1_156.mat,0.494391231642467
new_1_157.mat,0.471216543021213
new_1_158.mat,0.100965959644141
new_1_159.mat,0.810338436527211
new_1_15.mat,0.765590282416551
new_1_160.mat,0.332939983083787
new_1_161.mat,0.790146861918073
new_1_162.mat,0.623261094045065
new_1_163.mat,0.865848182127719
new_1_164.mat,0.102301696767627
new_1_165.mat,0.202242557473997
new_1_166.mat,0.771915490826291
new_1_167.mat,0
new_1_168.mat,0.361681382984113
new_1_169.mat,0.413494703735629
new_1_16.mat,0.623064901810291
new_1_170.mat,0.145501746934617
new_1_171.mat,0.476302390086528
new_1_172.mat,0.160326343843095
new_1_173.mat,0.801698491370817
new_1_174.mat,0.68008046222358
new_1_175.mat,0.424266477648768
new_1_176.mat,0.622600463207995
new_1_177.mat,0
new_1_178.mat,0.761099108440479
new_1_179.mat,0.298250046583919
new_1_17.mat,0.326218496581482
new_1_180.mat,0.785926413698987
new_1_181.mat,0.343218373892344
new_1_182.mat,0.343761898414721
new_1_183.mat,0.040385070210718
new_1_184.mat,0.370290566968468
new_1_185.mat,0.747183205397281
new_1_186.mat,0.414733847025852
new_1_187.mat,0.67880500898273
new_1_188.mat,0.0437292264020472
new_1_189.mat,0.373420748774708
new_1_18.mat,0
new_1_190.mat,0.727103046080863
new_1_191.mat,0.15539288331139
new_1_192.mat,0.29315239626609
new_1_193.mat,0.867153211877879
new_1_194.mat,0.719010318053199
new_1_195.mat,0.774773836200197
new_1_196.mat,0.797903980161985
new_1_197.mat,0.700476537767084
new_1_198.mat,0.108230342214938
new_1_199.mat,0.838617539527358
new_1_19.mat,0.553716248329277
new_1_1.mat,0.245571784350148
new_1_200.mat,0.663978946681931
new_1_201.mat,0.787813408028292
new_1_202.mat,0.782406053104009
new_1_203.mat,0.458513244092669
new_1_204.mat,0.564715703729334
new_1_205.mat,0.105661752186441
new_1_206.mat,0.542788885446336
new_1_207.mat,0.189937357480089
new_1_208.mat,0.165081950392275
new_1_209.mat,0
new_1_20.mat,0
new_1_210.mat,0.268862799834143
new_1_211.mat,0.120643418938086
new_1_212.mat,0.0681238886741669
new_1_213.mat,0.450000845229044
new_1_214.mat,0.0707566845291062
new_1_215.mat,0.382872433671532
new_1_216.mat,0.355538186434252
new_1_21.mat,0.0614189278173675
new_1_22.mat,0.21340066302677
new_1_23.mat,0.132225582023663
new_1_24.mat,0.833663938005663
new_1_25.mat,0.380636198185147
new_1_26.mat,0.440539892828323
new_1_27.mat,0.509832490366941
new_1_28.mat,0.67659220009031
new_1_29.mat,0.363296349756858
new_1_2.mat,0.788474810019264
new_1_30.mat,0.813896693083244
new_1_31.mat,0.654181440215985
new_1_32.mat,0.0961018930804542
new_1_33.mat,0.363602665714418
new_1_34.mat,0
new_1_35.mat,0.805979116480559
new_1_36.mat,0.844445978546427
new_1_37.mat,0.64164579233897
new_1_38.mat,0.593464942534444
new_1_39.mat,0.148289373219399
new_1_3.mat,0.285328897521178
new_1_40.mat,0.164394624428004
new_1_41.mat,0.121365809273368
new_1_42.mat,0.101707560919557
new_1_43.mat,0.209505624092789
new_1_44.mat,0.536600453688589
new_1_45.mat,0.0621759922737503
new_1_46.mat,0.348950376833701
new_1_47.mat,0.774525354468916
new_1_48.mat,0.82621324206335
new_1_49.mat,0.183430593079104
new_1_4.mat,0.27306260073821
new_1_50.mat,0.785169376270187
new_1_51.mat,0.152961911447167
new_1_52.mat,0.789654865547503
new_1_53.mat,0.153170504672246
new_1_54.mat,0.329317261928551
new_1_55.mat,0.296462602978709
new_1_56.mat,0.824569725565831
new_1_57.mat,0.190727530683789
new_1_58.mat,0.140984039859675
new_1_59.mat,0.0771669629327635
new_1_5.mat,0.543260015029564
new_1_60.mat,0.251645778011504
new_1_61.mat,0.407268130354907
new_1_62.mat,0.204822786689883
new_1_63.mat,0.432666589225688
new_1_64.mat,0.887181216771155
new_1_65.mat,0.738476607310479
new_1_66.mat,0.4141587181672
new_1_67.mat,0.435424127288106
new_1_68.mat,0.772696200366091
new_1_69.mat,0.305021763318313
new_1_6.mat,0.445361892716843
new_1_70.mat,0.074776227824986
new_1_71.mat,0.567907361060201
new_1_72.mat,0
new_1_73.mat,0.735665416033734
new_1_74.mat,0.745048209566277
new_1_75.mat,0.286227375832499
new_1_76.mat,0.560626455337917
new_1_77.mat,0.404892169470588
new_1_78.mat,0.323595886076288
new_1_79.mat,0.262358461300871
new_1_7.mat,0
new_1_80.mat,0.465048601377497
new_1_81.mat,0.0524631847767701
new_1_82.mat,0.163060368164366
new_1_83.mat,0.877686675170787
new_1_84.mat,0.0864867024626125
new_1_85.mat,0.836492776878317
new_1_86.mat,0.870530247478382
new_1_87.mat,0.214176363904664
new_1_88.mat,0.412073754248028
new_1_89.mat,0.30845910707395
new_1_8.mat,0.225062058033055
new_1_90.mat,0.129039303093687
new_1_91.mat,0.794830719070617
new_1_92.mat,0.812307232109547
new_1_93.mat,0.800273347477195
new_1_94.mat,0.427048911121007
new_1_95.mat,0.613349433067892
new_1_96.mat,0.0463551317717632
new_1_97.mat,0.195906421021382
new_1_98.mat,0
new_1_99.mat,0.097659273976771
new_1_9.mat,0.832947566171091
new_2_1000.mat,0.237723359688689
new_2_1001.mat,0.0928005302792394
new_2_1002.mat,0.331287456192984
new_2_100.mat,0.048223722045592
new_2_101.mat,0.435250004329643
new_2_102.mat,0.0964688160166594
new_2_103.mat,0.0307396727451947
new_2_104.mat,0.0866074043207123
new_2_105.mat,0.248102863521337
new_2_106.mat,0.0163704468100808
new_2_107.mat,0.00460233985912089
new_2_108.mat,0.139089314455929
new_2_109.mat,0.0882113247097487
new_2_10.mat,0.183584038854685
new_2_110.mat,0.109395221134085
new_2_111.mat,0.28396857973906
new_2_112.mat,0.165489353617698
new_2_113.mat,0.36502410238638
new_2_114.mat,0.0714426253615171
new_2_115.mat,0.0528976134655982
new_2_116.mat,0.039373834362829
new_2_117.mat,0.030896533913414
new_2_118.mat,0.129055712554118
new_2_119.mat,0.101317223753377
new_2_11.mat,0.00545098263818202
new_2_120.mat,0.115201466925807
new_2_121.mat,0.039895660325808
new_2_122.mat,0.0829863564092185
new_2_123.mat,0.0595700565216053
new_2_124.mat,0.00941208221270741
new_2_125.mat,0.0519987503603751
new_2_126.mat,0.030794889899137
new_2_127.mat,0.0139835263715264
new_2_128.mat,0.174007645451853
new_2_129.mat,0.278317676216588
new_2_12.mat,0.0537669315388393
new_2_130.mat,0.0423664650453242
new_2_131.mat,0.136886588939938
new_2_132.mat,0.0277200125999751
new_2_133.mat,0.159986005952218
new_2_134.mat,0.0117778616408783
new_2_135.mat,0.20689631681807
new_2_136.mat,0.194152230434375
new_2_137.mat,0.0618340725862068
new_2_138.mat,0.234545310854993
new_2_139.mat,0.371013875534954
new_2_13.mat,0.0437798892741706
new_2_140.mat,0
new_2_141.mat,0.00671900645788396
new_2_142.mat,0.0724799629163021
new_2_143.mat,0.189934506291125
new_2_144.mat,0.00594515958616196
new_2_145.mat,0.217716907623253
new_2_146.mat,0.13995495196628
new_2_147.mat,0.012845649619175
new_2_148.mat,0
new_2_149.mat,0.275138192981531
new_2_14.mat,0.259460247267618
new_2_150.mat,0.111896245118658
new_2_151.mat,0.154765054421756
new_2_152.mat,0.152294564303074
new_2_153.mat,0.0560668743758704
new_2_154.mat,0.375555475546206
new_2_155.mat,0.0217571578160728
new_2_156.mat,0.170084246074387
new_2_157.mat,0.378186718572588
new_2_158.mat,0.455615450333763
new_2_159.mat,0.168869599052753
new_2_15.mat,0.167029363668716
new_2_160.mat,0.0499091726409742
new_2_161.mat,0.12155158393799
new_2_162.mat,0.12074589458876
new_2_163.mat,0.0177104106183074
new_2_164.mat,0.182500553676505
new_2_165.mat,0.0337348775250799
new_2_166.mat,0.0309787301770681
new_2_167.mat,0.251002495846059
new_2_168.mat,0.17682835303054
new_2_169.mat,0.0247215100990818
new_2_16.mat,0.115565380064821
new_2_170.mat,0.0767019735894788
new_2_171.mat,0.164273961773337
new_2_172.mat,0.300776585067714
new_2_173.mat,0.328534888765823
new_2_174.mat,0.333501109207861
new_2_175.mat,0.41117441398696
new_2_176.mat,0.119618000593532
new_2_177.mat,0.130800394077183
new_2_178.mat,0.00543973134905168
new_2_179.mat,0.106465266714531
new_2_17.mat,0.046988186006271
new_2_180.mat,0.156765110620823
new_2_181.mat,0.107553433865509
new_2_182.mat,0.166432649153015
new_2_183.mat,0.152519779832434
new_2_184.mat,0.133541051065088
new_2_185.mat,0.224262080799721
new_2_186.mat,0.0936426801066153
new_2_187.mat,0.0172225596800263
new_2_188.mat,0.00821036953521331
new_2_189.mat,0.0391088507124774
new_2_18.mat,0.276792066961547
new_2_190.mat,0.025816253970439
new_2_191.mat,0.145220624654341
new_2_192.mat,0.017808451441027
new_2_193.mat,0.197728821744444
new_2_194.mat,0.133405476171926
new_2_195.mat,0.0112826775693513
new_2_196.mat,0.233995380978326
new_2_197.mat,0.154803285863463
new_2_198.mat,0.19069107166398
new_2_199.mat,0.14212209837672
new_2_19.mat,0.0300400863293396
new_2_1.mat,0.252610992256677
new_2_200.mat,0.202487392921692
new_2_201.mat,0.159395064099376
new_2_202.mat,0.122885789879118
new_2_203.mat,0.115159688030089
new_2_204.mat,0.0128248900821449
new_2_205.mat,0.482226917754168
new_2_206.mat,0.10893877683874
new_2_207.mat,0.259580175098991
new_2_208.mat,0.262037352530924
new_2_209.mat,0.152549088066253
new_2_20.mat,0.0325389162127343
new_2_210.mat,0.275550751117482
new_2_211.mat,0.228951989775534
new_2_212.mat,0.287548008448484
new_2_213.mat,0.0618609997439908
new_2_214.mat,0.0725831513882127
new_2_215.mat,0.134992303658519
new_2_216.mat,0.228544333587952
new_2_217.mat,0.605029080687541
new_2_218.mat,0.155630703190734
new_2_219.mat,0.0598444513595447
new_2_21.mat,0.087426490959896
new_2_220.mat,0.152711152300445
new_2_221.mat,0.0127466003139182
new_2_222.mat,0.325849308926177
new_2_223.mat,0.109492542413481
new_2_224.mat,0.0407505744448011
new_2_225.mat,0.148356997428544
new_2_226.mat,0.00632537173189675
new_2_227.mat,0.0641325817531682
new_2_228.mat,0.0335309635967259
new_2_229.mat,0.0488970947554154
new_2_22.mat,0.0546801075385056
new_2_230.mat,0.0835227741233882
new_2_231.mat,0.432922268710194
new_2_232.mat,0.0229336082729921
new_2_233.mat,0.0633015664675327
new_2_234.mat,0.134198389111424
new_2_235.mat,0.291351352028622
new_2_236.mat,0.115333617361518
new_2_237.mat,0.016203163801834
new_2_238.mat,0.184300503256482
new_2_239.mat,0.125790028271554
new_2_23.mat,0.143401824959782
new_2_240.mat,0.0252497526824423
new_2_241.mat,0.0029105834353143
new_2_242.mat,0.0660736840668879
new_2_243.mat,0.106214682960875
new_2_244.mat,0.436309619152825
new_2_245.mat,0.0912332936092215
new_2_246.mat,0.136780017752915
new_2_247.mat,0.0987128470215163
new_2_248.mat,0.0312933714973441
new_2_249.mat,0.0964081182468897
new_2_24.mat,0.0831374496113237
new_2_250.mat,0.137114689732468
new_2_251.mat,0.178527626282844
new_2_252.mat,0.0493635143925918
new_2_253.mat,0.0628042898066679
new_2_254.mat,0.00723886369066414
new_2_255.mat,0.237482343337658
new_2_256.mat,0.304417584307863
new_2_257.mat,0.209500136002317
new_2_258.mat,0.0423280752724121
new_2_259.mat,0.0345737348608555
new_2_25.mat,0.00646607169523945
new_2_260.mat,0.155290359588342
new_2_261.mat,0.17430149523035
new_2_262.mat,0.163946014884885
new_2_263.mat,0.12070619615005
new_2_264.mat,0.0879797436653178
new_2_265.mat,0.474812743865172
new_2_266.mat,0.118962698348137
new_2_267.mat,0.15289221966042
new_2_268.mat,0.195609859328412
new_2_269.mat,0.228267399036172
new_2_26.mat,0
new_2_270.mat,0.204412819741037
new_2_271.mat,0.333177377202142
new_2_272.mat,0.117339272718277
new_2_273.mat,0.159005835175583
new_2_274.mat,0.0148394054760667
new_2_275.mat,0.0464733511630546
new_2_276.mat,0.0339681167176385
new_2_277.mat,0.0632872204605459
new_2_278.mat,0.0488011647048913
new_2_279.mat,0.182494844467089
new_2_27.mat,0.163908762276411
new_2_280.mat,0.00885613701439404
new_2_281.mat,0.016559140193219
new_2_282.mat,0.060407467686065
new_2_283.mat,0.138835344268173
new_2_284.mat,0.0453696476192915
new_2_285.mat,0.0819596561389128
new_2_286.mat,0.420434481109559
new_2_287.mat,0.0091114483110599
new_2_288.mat,0.00924155048328773
new_2_289.mat,0.174862455484793
new_2_28.mat,0.150363798283153
new_2_290.mat,0.0637094731865931
new_2_291.mat,0.271595909948464
new_2_292.mat,0.0235195172426852
new_2_293.mat,0.128691783179386
new_2_294.mat,0.117741959690135
new_2_295.mat,0.0433445210526485
new_2_296.mat,0.0731380345228327
new_2_297.mat,0.0884557757818377
new_2_298.mat,0.0921956794491524
new_2_299.mat,0.31247663198307
new_2_29.mat,0.224000729846958
new_2_2.mat,0.00184691277234015
new_2_300.mat,0.131074819947467
new_2_301.mat,0.208198438156843
new_2_302.mat,0.0551947361783627
new_2_303.mat,0.151253299577577
new_2_304.mat,0.046179295364747
new_2_305.mat,0.14057992003438
new_2_306.mat,0.0790209228070469
new_2_307.mat,0.103294264035642
new_2_308.mat,0.2425091082705
new_2_309.mat,0.183931466886651
new_2_30.mat,0.37830404695393
new_2_310.mat,0.194428389369348
new_2_311.mat,0.111653417181755
new_2_312.mat,0.062140426906103
new_2_313.mat,0.377773710136878
new_2_314.mat,0.0575423607634398
new_2_315.mat,0.0614135219932694
new_2_316.mat,0.247852994303861
new_2_317.mat,0.0324312554241896
new_2_318.mat,0.0977252868747473
new_2_319.mat,0.298603963694761
new_2_31.mat,0.0899432812463683
new_2_320.mat,0.190358182162037
new_2_321.mat,0.308741919718258
new_2_322.mat,0.00752340614040529
new_2_323.mat,0.162949719359133
new_2_324.mat,0.00359498200160954
new_2_325.mat,0.0414674906119852
new_2_326.mat,0.246922139527417
new_2_327.mat,0.165181286470969
new_2_328.mat,0.263419755140415
new_2_329.mat,0.0242718921199821
new_2_32.mat,0.0513869397305229
new_2_330.mat,0.160205540710468
new_2_331.mat,0.143182754175095
new_2_332.mat,0.0325238499778651
new_2_333.mat,0.338965000584251
new_2_334.mat,0.100860855683867
new_2_335.mat,0.00422323619934593
new_2_336.mat,0.0166133191191149
new_2_337.mat,0.189031365460327
new_2_338.mat,0.244650021648399
new_2_339.mat,0.0747111092869609
new_2_33.mat,0.0760999121234407
new_2_340.mat,0.0645328941326403
new_2_341.mat,0.0724874664620026
new_2_342.mat,0.310264253536967
new_2_343.mat,0.00640692809670805
new_2_344.mat,0.00795284977660142
new_2_345.mat,0.0664924116547386
new_2_346.mat,0.277038246320295
new_2_347.mat,0.0182882992553283
new_2_348.mat,0.246456022794427
new_2_349.mat,0.0840876384245146
new_2_34.mat,0.042012623985225
new_2_350.mat,0.062826018766104
new_2_351.mat,0.236521540854077
new_2_352.mat,0.103624264391377
new_2_353.mat,0.168850802699538
new_2_354.mat,0.071252303389121
new_2_355.mat,0.0197415071129176
new_2_356.mat,0.123165995647103
new_2_357.mat,0.0108194699020455
new_2_358.mat,0.400498688717671
new_2_359.mat,0.0275039951564734
new_2_35.mat,0.26549743811372
new_2_360.mat,0.18067223313419
new_2_361.mat,0.233636669455898
new_2_362.mat,0.0526642739439397
new_2_363.mat,0.0842063799054014
new_2_364.mat,0.19154185379644
new_2_365.mat,0.175247163536217
new_2_366.mat,0.224000205155424
new_2_367.mat,0.0493284637037754
new_2_368.mat,0.019860033064527
new_2_369.mat,0.0912193722009908
new_2_36.mat,0.175717214478832
new_2_370.mat,0.0345572450045639
new_2_371.mat,0.256127422811063
new_2_372.mat,0.0268562360211707
new_2_373.mat,0.0730830408787242
new_2_374.mat,0.283352339990272
new_2_375.mat,0.130630550722582
new_2_376.mat,0.0719663013465498
new_2_377.mat,0.105059874868283
new_2_378.mat,0.00296054707556418
new_2_379.mat,0.47573260265803
new_2_37.mat,0.111010878700501
new_2_380.mat,0.235222723006746
new_2_381.mat,0.0990360940904013
new_2_382.mat,0.292069262992797
new_2_383.mat,0.0235528812373062
new_2_384.mat,0.195238704866015
new_2_385.mat,0.0899048069359284
new_2_386.mat,0.0348889008598248
new_2_387.mat,0.0739992724403327
new_2_388.mat,0.164160055881596
new_2_389.mat,0.0680582043703286
new_2_38.mat,0.388021213198842
new_2_390.mat,0.125062422385294
new_2_391.mat,0.0773516822108981
new_2_392.mat,0.0145632723812764
new_2_393.mat,0.235867278732896
new_2_394.mat,0.0959606442707655
new_2_395.mat,0.00945074679018496
new_2_396.mat,0.186372117045095
new_2_397.mat,0.140370212611774
new_2_398.mat,0.261397581330356
new_2_399.mat,0.0559377901767586
new_2_39.mat,0.20234504092747
new_2_3.mat,0.336178058785715
new_2_400.mat,0.00803664433872686
new_2_401.mat,0.00329192490614115
new_2_402.mat,0.261639839674807
new_2_403.mat,0.0828346004102855
new_2_404.mat,0.0931140784295156
new_2_405.mat,0.0832032127987396
new_2_406.mat,0.0412825734220525
new_2_407.mat,0.229600545550929
new_2_408.mat,0.00520164384516955
new_2_409.mat,0.0672553736141805
new_2_40.mat,0.00266633475292861
new_2_410.mat,0.021755395080382
new_2_411.mat,0.156566230437165
new_2_412.mat,0.297755092772618
new_2_413.mat,0.159794117310372
new_2_414.mat,0.0366346565452781
new_2_415.mat,0.335815961214907
new_2_416.mat,0.0330731136836026
new_2_417.mat,0.1890803185998
new_2_418.mat,0.0439085013855428
new_2_419.mat,0.181230274154091
new_2_41.mat,0.0583954839844109
new_2_420.mat,0
new_2_421.mat,0.118494705780872
new_2_422.mat,0.179055540582147
new_2_423.mat,0.105818622324156
new_2_424.mat,0.240225453744022
new_2_425.mat,0.0330796835082772
new_2_426.mat,0.100207056059924
new_2_427.mat,0.0284306105248966
new_2_428.mat,0.00343878573620461
new_2_429.mat,0.111381290664091
new_2_42.mat,0.0274493277278702
new_2_430.mat,0.0324734052987732
new_2_431.mat,0.117491866002852
new_2_432.mat,0.130296558446434
new_2_433.mat,0
new_2_434.mat,0.0772844333865245
new_2_435.mat,0.122150510915496
new_2_436.mat,0.0629314181568602
new_2_437.mat,0.340505320701996
new_2_438.mat,0.155004869590382
new_2_439.mat,0.182266473150054
new_2_43.mat,0.0456070620178468
new_2_440.mat,0.0236337820594311
new_2_441.mat,0.0643305166717343
new_2_442.mat,0.00562017486885837
new_2_443.mat,0.123037592130282
new_2_444.mat,0.218937552997809
new_2_445.mat,0.1421581752479
new_2_446.mat,0.136489853647548
new_2_447.mat,0.0623498719265963
new_2_448.mat,0.0586449381641839
new_2_449.mat,0.081456984860414
new_2_44.mat,0.285769162375395
new_2_450.mat,0.331746546165049
new_2_451.mat,0.0039078295182293
new_2_452.mat,0.0698129338067948
new_2_453.mat,0.0638461514234793
new_2_454.mat,0.0329431752288266
new_2_455.mat,0.0581091917921477
new_2_456.mat,0.00943703366296449
new_2_457.mat,0.127494310020041
new_2_458.mat,0.0175167037024776
new_2_459.mat,0.0135932646288854
new_2_45.mat,0.0483030562293914
new_2_460.mat,0.032164242545135
new_2_461.mat,0.0441806193297347
new_2_462.mat,0.423252619756389
new_2_463.mat,0.166391330908494
new_2_464.mat,0.132560431451236
new_2_465.mat,0.16119960042946
new_2_466.mat,0.299785844957716
new_2_467.mat,0.123457640723117
new_2_468.mat,0.151081066405294
new_2_469.mat,0.109251796796233
new_2_46.mat,0.205468033260768
new_2_470.mat,0.242110107774305
new_2_471.mat,0.121152103526882
new_2_472.mat,0.209841609438175
new_2_473.mat,0.0860195255896043
new_2_474.mat,0.1888119400399
new_2_475.mat,0.0631177650872811
new_2_476.mat,0.00900135076535382
new_2_477.mat,0.163188361068537
new_2_478.mat,0.0724572569037736
new_2_479.mat,0.1882259682588
new_2_47.mat,0.447916598843082
new_2_480.mat,0.162163040753581
new_2_481.mat,0.106846873015299
new_2_482.mat,0.0822784582521034
new_2_483.mat,0.114788306517105
new_2_484.mat,0.0309879801108785
new_2_485.mat,0.0273332785365495
new_2_486.mat,0.118534395312048
new_2_487.mat,0.0827971470513158
new_2_488.mat,0.298246575476055
new_2_489.mat,0.015191563921957
new_2_48.mat,0.320071751712181
new_2_490.mat,0.107569660396886
new_2_491.mat,0.244941177420445
new_2_492.mat,0.0222266371152576
new_2_493.mat,0.175644031398568
new_2_494.mat,0.0650031904689257
new_2_495.mat,0.169268471056215
new_2_496.mat,0.089592951563307
new_2_497.mat,0.201414248372048
new_2_498.mat,0.171024646744691
new_2_499.mat,0
new_2_49.mat,0.338926723869738
new_2_4.mat,0.125124875391955
new_2_500.mat,0.0477352595985887
new_2_501.mat,0.125010043299773
new_2_502.mat,0.175151272883789
new_2_503.mat,0.301497061114238
new_2_504.mat,0.0789562808583851
new_2_505.mat,0.207398078707789
new_2_506.mat,0.0487454024081222
new_2_507.mat,0.123231203879645
new_2_508.mat,0.00927588640625069
new_2_509.mat,0.0388802820190239
new_2_50.mat,0.238570682161777
new_2_510.mat,0.175278062670094
new_2_511.mat,0.0161662037592056
new_2_512.mat,0.140171023317232
new_2_513.mat,0.0796828286475348
new_2_514.mat,0.105660100931719
new_2_515.mat,0.0393007066461657
new_2_516.mat,0.0237764508022649
new_2_517.mat,0.360490815074471
new_2_518.mat,0.0619394068264061
new_2_519.mat,0.335467579310987
new_2_51.mat,0.119296456691697
new_2_520.mat,0.140286300492607
new_2_521.mat,0.0333432759748763
new_2_522.mat,0.103057667824482
new_2_523.mat,0.0138196203240205
new_2_524.mat,0.054596682010887
new_2_525.mat,0.186786390294808
new_2_526.mat,0.437280001209071
new_2_527.mat,0.432100049644875
new_2_528.mat,0.133741227281293
new_2_529.mat,0.0720240319004177
new_2_52.mat,0.0386114499799272
new_2_530.mat,0.100242189526043
new_2_531.mat,0.131122799486219
new_2_532.mat,0.271183953817464
new_2_533.mat,0.354168839093466
new_2_534.mat,0.374116781769727
new_2_535.mat,0.0353818263679492
new_2_536.mat,0.0778302744557604
new_2_537.mat,0.0195458131579803
new_2_538.mat,0.182342877024409
new_2_539.mat,0.0776294346986897
new_2_53.mat,0.0873748040896614
new_2_540.mat,0.062069868080056
new_2_541.mat,0.309492041437547
new_2_542.mat,0.0852417639425695
new_2_543.mat,0.201275036681453
new_2_544.mat,0.265141112741364
new_2_545.mat,0.0792989523998672
new_2_546.mat,0.0706734559662661
new_2_547.mat,0.421372776643958
new_2_548.mat,0.157344661440986
new_2_549.mat,0.432331827964423
new_2_54.mat,0.396154933723439
new_2_550.mat,0.0656653340173061
new_2_551.mat,0.146532870750227
new_2_552.mat,0.100785561916423
new_2_553.mat,0.434034941702663
new_2_554.mat,0.0761490893815766
new_2_555.mat,0.00701571227173017
new_2_556.mat,0.353591019818118
new_2_557.mat,0.0902137092401273
new_2_558.mat,0.182055813676278
new_2_559.mat,0.117715439309543
new_2_55.mat,0.266555503576334
new_2_560.mat,0.0649804311182504
new_2_561.mat,0.115972120363264
new_2_562.mat,0.211461526855709
new_2_563.mat,0.148495615034666
new_2_564.mat,0.00811809517525142
new_2_565.mat,0.121639951017642
new_2_566.mat,0.0810438860254981
new_2_567.mat,0.132740745854088
new_2_568.mat,0.1427275703443
new_2_569.mat,0.159581598200273
new_2_56.mat,0.0370879647384548
new_2_570.mat,0.11003498034692
new_2_571.mat,0.0126118129943671
new_2_572.mat,0.0701783264968457
new_2_573.mat,0.0382483954680329
new_2_574.mat,0.30299481990285
new_2_575.mat,0.245771521182732
new_2_576.mat,0.136336809098051
new_2_577.mat,0.177755124923629
new_2_578.mat,0.0303984760367725
new_2_579.mat,0.180932774561809
new_2_57.mat,0.0408135563025388
new_2_580.mat,0.239680108640317
new_2_581.mat,0.0973849431478957
new_2_582.mat,0.0130677443811414
new_2_583.mat,0.00578308821245422
new_2_584.mat,0.249638515592601
new_2_585.mat,0.230206671489833
new_2_586.mat,0.0229475604943105
new_2_587.mat,0.012178932483888
new_2_588.mat,0.301236071356942
new_2_589.mat,0.0987411429978523
new_2_58.mat,0.0729272894941589
new_2_590.mat,0.268246104128755
new_2_591.mat,0.0446872877488388
new_2_592.mat,0.123906963765612
new_2_593.mat,0.208914600543823
new_2_594.mat,0.138454676558163
new_2_595.mat,0.0133897108630237
new_2_596.mat,0.0890662658293114
new_2_597.mat,0.197679958577699
new_2_598.mat,0.150726949094849
new_2_599.mat,0.0419968533534628
new_2_59.mat,0.166676325346723
new_2_5.mat,0.0195077083962027
new_2_600.mat,0.06709275201964
new_2_601.mat,0.372876176054001
new_2_602.mat,0.00462213198005538
new_2_603.mat,0.156079270131372
new_2_604.mat,0.309785684207721
new_2_605.mat,0.0592193969800036
new_2_606.mat,0.00514566936533601
new_2_607.mat,0.0227731588603627
new_2_608.mat,0.0904302531509506
new_2_609.mat,0.0602112743795217
new_2_60.mat,0.0105298078074363
new_2_610.mat,0.00510988836248342
new_2_611.mat,0.016507706768298
new_2_612.mat,0.179818030076492
new_2_613.mat,0.205600645713044
new_2_614.mat,0.131884320528665
new_2_615.mat,0.0759512742929169
new_2_616.mat,0.123737090278155
new_2_617.mat,0.00542922583797443
new_2_618.mat,0.11679672022637
new_2_619.mat,0.00722198342636596
new_2_61.mat,0.0800770673182234
new_2_620.mat,0.156827039398265
new_2_621.mat,0.217695714178845
new_2_622.mat,0.134332516917756
new_2_623.mat,0.0970156260491024
new_2_624.mat,0.144694957155604
new_2_625.mat,0.00336822510920061
new_2_626.mat,0.118289606177862
new_2_627.mat,0.118958999912371
new_2_628.mat,0.0263085822864497
new_2_629.mat,0.168670751814946
new_2_62.mat,0.129501982794816
new_2_630.mat,0.210098711322607
new_2_631.mat,0.0509984252342523
new_2_632.mat,0.0367220560710967
new_2_633.mat,0.167717640235443
new_2_634.mat,0.0427835824939608
new_2_635.mat,0.0571752314114731
new_2_636.mat,0.161361009108385
new_2_637.mat,0.140489477597549
new_2_638.mat,0.0714115590043907
new_2_639.mat,0.44526768720814
new_2_63.mat,0.180616474194461
new_2_640.mat,0.0832920792494922
new_2_641.mat,0.134329621147172
new_2_642.mat,0.187727047015535
new_2_643.mat,0.102114708795832
new_2_644.mat,0.304161924767988
new_2_645.mat,0.604238991948516
new_2_646.mat,0.075718696551641
new_2_647.mat,0.33621250643205
new_2_648.mat,0.169757923005452
new_2_649.mat,0.242264469911774
new_2_64.mat,0.0253668661064229
new_2_650.mat,0.140562598495721
new_2_651.mat,0.233189004493377
new_2_652.mat,0.00654178291966869
new_2_653.mat,0.0536003434342666
new_2_654.mat,0.245223608607743
new_2_655.mat,0.0995346397875781
new_2_656.mat,0.0143801916265295
new_2_657.mat,0.13879042015002
new_2_658.mat,0.0236734006742549
new_2_659.mat,0.117576302557409
new_2_65.mat,0.0530199187490581
new_2_660.mat,0.189556948369963
new_2_661.mat,0.0666945054438626
new_2_662.mat,0.116294330089698
new_2_663.mat,0.183676571420999
new_2_664.mat,0.00550434901090402
new_2_665.mat,0.242874508771561
new_2_666.mat,0.0414448746044651
new_2_667.mat,0.062525936115479
new_2_668.mat,0.0076009603027494
new_2_669.mat,0.0956250762434765
new_2_66.mat,0.346541013090669
new_2_670.mat,0.0388504643944626
new_2_671.mat,0.119115440356102
new_2_672.mat,0.066533071143555
new_2_673.mat,0.0836093935492919
new_2_674.mat,0.111116196926778
new_2_675.mat,0.168465964219774
new_2_676.mat,0.142240133509716
new_2_677.mat,0.180657528368787
new_2_678.mat,0.105069401024472
new_2_679.mat,0.0118621318051768
new_2_67.mat,0.190413303808568
new_2_680.mat,0.255480490441678
new_2_681.mat,0.0414114352609405
new_2_682.mat,0.15973747648467
new_2_683.mat,0.13411195868062
new_2_684.mat,0.373195909001721
new_2_685.mat,0.0302257033198318
new_2_686.mat,0.0387252264713154
new_2_687.mat,0.451408293940548
new_2_688.mat,0.065074479902646
new_2_689.mat,0.221096650148597
new_2_68.mat,0.262278769832288
new_2_690.mat,0.0633155194502115
new_2_691.mat,0.23274331090245
new_2_692.mat,0.514001502857559
new_2_693.mat,0.0257425445630067
new_2_694.mat,0.262283729052699
new_2_695.mat,0.0561854434768733
new_2_696.mat,0.471019522960335
new_2_697.mat,0.0399597310703792
new_2_698.mat,0.268546962928588
new_2_699.mat,0.0922571183243108
new_2_69.mat,0.105263314780345
new_2_6.mat,0.12190364254706
new_2_700.mat,0.117809141907762
new_2_701.mat,0.367709014964576
new_2_702.mat,0.272115422921267
new_2_703.mat,0.0533962206689
new_2_704.mat,0.0622258038001697
new_2_705.mat,0.251912566934259
new_2_706.mat,0.0648582864581438
new_2_707.mat,0.0689102995872897
new_2_708.mat,0.14477520230334
new_2_709.mat,0.129596210286561
new_2_70.mat,0.0624339205067617
new_2_710.mat,0.100116329297411
new_2_711.mat,0.085472121617466
new_2_712.mat,0.162978219914399
new_2_713.mat,0.0033098437583702
new_2_714.mat,0.152687473197437
new_2_715.mat,0.102329299742711
new_2_716.mat,0.00562053026889966
new_2_717.mat,0.00833438716705489
new_2_718.mat,0.0328177532104083
new_2_719.mat,0.0284816880908649
new_2_71.mat,0.118757864532054
new_2_720.mat,0.136150530710315
new_2_721.mat,0.144137493716634
new_2_722.mat,0.122338296663465
new_2_723.mat,0.0751652213290862
new_2_724.mat,0.0029483189880208
new_2_725.mat,0.260139281409823
new_2_726.mat,0.0715734560417382
new_2_727.mat,0.383240253830466
new_2_728.mat,0.132688241039587
new_2_729.mat,0.106059282486508
new_2_72.mat,0.0172553616348355
new_2_730.mat,0.202203239822343
new_2_731.mat,0.0565703466843685
new_2_732.mat,0.128895404003218
new_2_733.mat,0.0948810738715825
new_2_734.mat,0.00174757316054777
new_2_735.mat,0.41638846391713
new_2_736.mat,0.148155400073701
new_2_737.mat,0.0275875770838404
new_2_738.mat,0.119513316396104
new_2_739.mat,0.0911518311589447
new_2_73.mat,0.207128368770128
new_2_740.mat,0
new_2_741.mat,0.0981899157319091
new_2_742.mat,0.00616493314861129
new_2_743.mat,0.0577262430065832
new_2_744.mat,0.110156651232494
new_2_745.mat,0.0166027360381608
new_2_746.mat,0.263415336722098
new_2_747.mat,0.0238992765849653
new_2_748.mat,0.258213169468776
new_2_749.mat,0.024368941579816
new_2_74.mat,0.0684280510511526
new_2_750.mat,0.00940084328795127
new_2_751.mat,0.0113770924573535
new_2_752.mat,0.0286824333921092
new_2_753.mat,0.0325953641954219
new_2_754.mat,0.0563404951604602
new_2_755.mat,0.232040723823834
new_2_756.mat,0.0379489938908961
new_2_757.mat,0.0115333627793505
new_2_758.mat,0.15251002750878
new_2_759.mat,0.0154500579772401
new_2_75.mat,0.427676105172712
new_2_760.mat,0.0808567725638725
new_2_761.mat,0.0637540717906482
new_2_762.mat,0.081928474343807
new_2_763.mat,0.132336137178965
new_2_764.mat,0.0233692223709235
new_2_765.mat,0.396958606031456
new_2_766.mat,0.0570735665926568
new_2_767.mat,0.170201271001672
new_2_768.mat,0.140134869972187
new_2_769.mat,0.0891032363583813
new_2_76.mat,0.0572360005870835
new_2_770.mat,0.0777498920242436
new_2_771.mat,0.115921366977609
new_2_772.mat,0.103632357635082
new_2_773.mat,0.21158105937879
new_2_774.mat,0.193342419151005
new_2_775.mat,0.292010909995811
new_2_776.mat,0.0449171571243559
new_2_777.mat,0.484462771733953
new_2_778.mat,0.126517587554972
new_2_779.mat,0.0806995718120902
new_2_77.mat,0.373987183194981
new_2_780.mat,0.166283800017936
new_2_781.mat,0.0816337894951564
new_2_782.mat,0.17665804777611
new_2_783.mat,0.147505207001665
new_2_784.mat,0.472846566821073
new_2_785.mat,0.143809117246388
new_2_786.mat,0.554721758924151
new_2_787.mat,0.0612879934033893
new_2_788.mat,0.17481641627699
new_2_789.mat,0.129164826040024
new_2_78.mat,0.142048550320606
new_2_790.mat,0.142549266088396
new_2_791.mat,0.188895891103396
new_2_792.mat,0.252211179208145
new_2_793.mat,0.0237456468006509
new_2_794.mat,0.277333408863104
new_2_795.mat,0.434163905576692
new_2_796.mat,0.103165355169634
new_2_797.mat,0.0133270309672155
new_2_798.mat,0.170993008186673
new_2_799.mat,0.0332548013494183
new_2_79.mat,0.0709397016535609
new_2_7.mat,0.227086957095905
new_2_800.mat,0.145767458063586
new_2_801.mat,0.105965283115535
new_2_802.mat,0.258924103261713
new_2_803.mat,0.00710142071233617
new_2_804.mat,0.15173955262954
new_2_805.mat,0.0491505348257937
new_2_806.mat,0.0831363933435699
new_2_807.mat,0.252315390693225
new_2_808.mat,0.0745418658393358
new_2_809.mat,0.00495305273496314
new_2_80.mat,0.0936401888936924
new_2_810.mat,0.00712063541214726
new_2_811.mat,0.0857149174216435
new_2_812.mat,0.0479546257893337
new_2_813.mat,0.135005570837511
new_2_814.mat,0.0733934075601731
new_2_815.mat,0.126335044919319
new_2_816.mat,0.0050328451495201
new_2_817.mat,0.0863423509650239
new_2_818.mat,0.253151062012495
new_2_819.mat,0.168635266738933
new_2_81.mat,0.00416051610814041
new_2_820.mat,0.0456965929228829
new_2_821.mat,0.0139576289526741
new_2_822.mat,0.258213911964605
new_2_823.mat,0.127238890642774
new_2_824.mat,0.182133999685072
new_2_825.mat,0.00630554351558018
new_2_826.mat,0.0886805252703973
new_2_827.mat,0.306366279852344
new_2_828.mat,0.0301522017436514
new_2_829.mat,0.166764568099369
new_2_82.mat,0.31807915163136
new_2_830.mat,0.0426630687967839
new_2_831.mat,0.113936142028302
new_2_832.mat,0.226351996038833
new_2_833.mat,0.137433948851013
new_2_834.mat,0.286510563955154
new_2_835.mat,0.125553478802957
new_2_836.mat,0.0860287526501798
new_2_837.mat,0.0598972091821832
new_2_838.mat,0.060984484081179
new_2_839.mat,0.191959585013069
new_2_83.mat,0.174853202395987
new_2_840.mat,0.0209359307695364
new_2_841.mat,0.154138542591014
new_2_842.mat,0.049281497053798
new_2_843.mat,0.110069102010618
new_2_844.mat,0.0571242425209969
new_2_845.mat,0.0831371770612397
new_2_846.mat,0.0892473656675647
new_2_847.mat,0.083312543593443
new_2_848.mat,0.00677000960929479
new_2_849.mat,0.0919921269739642
new_2_84.mat,0.0592530517053215
new_2_850.mat,0.10680716955364
new_2_851.mat,0.00380799948213192
new_2_852.mat,0.00906302186574574
new_2_853.mat,0.270921082226611
new_2_854.mat,0.182575348722252
new_2_855.mat,0.07773594201573
new_2_856.mat,0.00155306912127886
new_2_857.mat,0.00723340445927371
new_2_858.mat,0.174943929281302
new_2_859.mat,0.0266214711038512
new_2_85.mat,0.0689896915713781
new_2_860.mat,0.052917773506492
new_2_861.mat,0.0111349624688661
new_2_862.mat,0.235609724710212
new_2_863.mat,0.0855296610731993
new_2_864.mat,0.324277114965235
new_2_865.mat,0.160135301902883
new_2_866.mat,0.109815350213094
new_2_867.mat,0.157791518345732
new_2_868.mat,0.147616313078226
new_2_869.mat,0.12820498389722
new_2_86.mat,0.0468451521467981
new_2_870.mat,0.645708854484926
new_2_871.mat,0.0841027729082645
new_2_872.mat,0.586657517935378
new_2_873.mat,0.00718782671605234
new_2_874.mat,0.122657937675487
new_2_875.mat,0.109596024272105
new_2_876.mat,0.0555996410326772
new_2_877.mat,0.0191480797967656
new_2_878.mat,0.197906466170142
new_2_879.mat,0.205199987462871
new_2_87.mat,0.0773644877271471
new_2_880.mat,0.0553924666678447
new_2_881.mat,0.0175312787500273
new_2_882.mat,0.067344309916129
new_2_883.mat,0.0708520211009643
new_2_884.mat,0.138967337955612
new_2_885.mat,0.182213086940958
new_2_886.mat,0.247553578390697
new_2_887.mat,0.0956113104809681
new_2_888.mat,0.0887666685187919
new_2_889.mat,0.177556212673053
new_2_88.mat,0.617832044521765
new_2_890.mat,0.00342770962306018
new_2_891.mat,0.0512738248245755
new_2_892.mat,0.0253041555462644
new_2_893.mat,0.0620927659958016
new_2_894.mat,0.37922490009513
new_2_895.mat,0.156615106452994
new_2_896.mat,0.15193901456303
new_2_897.mat,0.160075086034661
new_2_898.mat,0.0197391219004959
new_2_899.mat,0.0666862094204504
new_2_89.mat,0.240552089915055
new_2_8.mat,0.0462996353390574
new_2_900.mat,0.0183426208760253
new_2_901.mat,0.283631750806006
new_2_902.mat,0.132769870981981
new_2_903.mat,0.211954295454727
new_2_904.mat,0.102228556860299
new_2_905.mat,0.00744901251077484
new_2_906.mat,0.0736518374452906
new_2_907.mat,0.0300739144585355
new_2_908.mat,0.0578732482020943
new_2_909.mat,0.012758678983633
new_2_90.mat,0.578059098841819
new_2_910.mat,0.0433111790931415
new_2_911.mat,0.183640506225339
new_2_912.mat,0.104870307240013
new_2_913.mat,0.300909989805397
new_2_914.mat,0.138570471143957
new_2_915.mat,0.128177541700919
new_2_916.mat,0.107953434921013
new_2_917.mat,0.246932583119224
new_2_918.mat,0.426834907905339
new_2_919.mat,0.140015981432317
new_2_91.mat,0.10092198719818
new_2_920.mat,0.0989916983581925
new_2_921.mat,0.176522159343798
new_2_922.mat,0.128363065014345
new_2_923.mat,0.180905758166825
new_2_924.mat,0.522795335343209
new_2_925.mat,0.214375003433768
new_2_926.mat,0.108138200019809
new_2_927.mat,0.185298120462391
new_2_928.mat,0.0881739406411445
new_2_929.mat,0.0869291645197929
new_2_92.mat,0.0503988139677593
new_2_930.mat,0.219759758790918
new_2_931.mat,0.0623848120502011
new_2_932.mat,0.0195973576159131
new_2_933.mat,0.302966207124293
new_2_934.mat,0.306734447990793
new_2_935.mat,0.0582407448199503
new_2_936.mat,0.0223304437492545
new_2_937.mat,0.0534539976222084
new_2_938.mat,0.0209652394894837
new_2_939.mat,0.199356342144805
new_2_93.mat,0.12073975449546
new_2_940.mat,0.0710716053255448
new_2_941.mat,0.178198972189526
new_2_942.mat,0.428747213102415
new_2_943.mat,0.117762705649518
new_2_944.mat,0.0738940305192235
new_2_945.mat,0.0153409827441102
new_2_946.mat,0.365340054276027
new_2_947.mat,0.0191878993110646
new_2_948.mat,0.424755020380189
new_2_949.mat,0.045766950555938
new_2_94.mat,0
new_2_950.mat,0.130988554804031
new_2_951.mat,0.132358705516178
new_2_952.mat,0.0767199424771298
new_2_953.mat,0.137692500955162
new_2_954.mat,0.141334044764343
new_2_955.mat,0.195408208572955
new_2_956.mat,0.0376051998625842
new_2_957.mat,0.0506934200371559
new_2_958.mat,0.117377874857902
new_2_959.mat,0.00234225583216938
new_2_95.mat,0.00833604531091815
new_2_960.mat,0.15581138627287
new_2_961.mat,0.152078898021175
new_2_962.mat,0.0161168376852751
new_2_963.mat,0.0636325214993976
new_2_964.mat,0.242167550223272
new_2_965.mat,0.0710553135428432
new_2_966.mat,0.211154420732029
new_2_967.mat,0.128929905523813
new_2_968.mat,0.0840449518394652
new_2_969.mat,0.0261830148450638
new_2_96.mat,0.142182670816577
new_2_970.mat,0.0572526785672555
new_2_971.mat,0.233434543893062
new_2_972.mat,0.0483653167510993
new_2_973.mat,0.124751680471942
new_2_974.mat,0.0154048475356032
new_2_975.mat,0.394723274017444
new_2_976.mat,0.154453635731298
new_2_977.mat,0.184135252578661
new_2_978.mat,0.270426700571487
new_2_979.mat,0.100018126414791
new_2_97.mat,0.0670235163782399
new_2_980.mat,0.1010111680255
new_2_981.mat,0.170108199620889
new_2_982.mat,0.125462905588673
new_2_983.mat,0.0335430931160708
new_2_984.mat,0.0555654045881672
new_2_985.mat,0.250218835752362
new_2_986.mat,0.0306269405417775
new_2_987.mat,0.111018157059143
new_2_988.mat,0.00378776516366111
new_2_989.mat,0.103431300754942
new_2_98.mat,0.0789397450690885
new_2_990.mat,0.194796586863636
new_2_991.mat,0.0307911214536393
new_2_992.mat,0.0191491672432142
new_2_993.mat,0.201273039153415
new_2_994.mat,0.0967359454424318
new_2_995.mat,0.0482061003333866
new_2_996.mat,0.00432128240318539
new_2_997.mat,0.0362198696014355
new_2_998.mat,0.0276481749199571
new_2_999.mat,0.0508969816429829
new_2_99.mat,0.216857089840177
new_2_9.mat,0.0211278779842608
new_3_100.mat,0.231828848608904
new_3_101.mat,0.0188623723957491
new_3_102.mat,0.119463542333807
new_3_103.mat,0.037294213036722
new_3_104.mat,0.245370628661364
new_3_105.mat,0.0297248270183523
new_3_106.mat,0.0615929884577342
new_3_107.mat,0.040079659136477
new_3_108.mat,0.237258790363551
new_3_109.mat,0.0789298697314999
new_3_10.mat,0.0265702489407021
new_3_110.mat,0.241187756414799
new_3_111.mat,0.0387171183281643
new_3_112.mat,0.122252933058456
new_3_113.mat,0.0591954870644202
new_3_114.mat,0.046898581715284
new_3_115.mat,0.0816424312780535
new_3_116.mat,0.356040604107524
new_3_117.mat,0.163229109118799
new_3_118.mat,0.0525078344069377
new_3_119.mat,0.0137693890787322
new_3_11.mat,0.00505147515470229
new_3_120.mat,0.098077232110053
new_3_121.mat,0.0542729948633659
new_3_122.mat,0.119895747301623
new_3_123.mat,0.197642356717478
new_3_124.mat,0.0532020938967123
new_3_125.mat,0.00814312256173557
new_3_126.mat,0.0605072586203219
new_3_127.mat,0.286997529181525
new_3_128.mat,0.0225539123051564
new_3_129.mat,0.0287327114541945
new_3_12.mat,0.479451651911453
new_3_130.mat,0.0596691708526008
new_3_131.mat,0.123231426683524
new_3_132.mat,0.0581479583664318
new_3_133.mat,0.317490829866599
new_3_134.mat,0.328109813908748
new_3_135.mat,0.187031971058089
new_3_136.mat,0.062124888221245
new_3_137.mat,0.0988776159598868
new_3_138.mat,0.23518387957421
new_3_139.mat,0.0489468732993838
new_3_13.mat,0.203587627458546
new_3_140.mat,0.0912839221296399
new_3_141.mat,0.0216698164545565
new_3_142.mat,0.122370742209544
new_3_143.mat,0.00295190807004711
new_3_144.mat,0.032988088830367
new_3_145.mat,0.0381264755559116
new_3_146.mat,0.0655046750185982
new_3_147.mat,0.38679701555622
new_3_148.mat,0.672338059071573
new_3_149.mat,0.142132488219107
new_3_14.mat,0.0321158343111069
new_3_150.mat,0.0330477431921961
new_3_151.mat,0.192807714602347
new_3_152.mat,0.254424139793062
new_3_153.mat,0.084009427332733
new_3_154.mat,0.286753769061842
new_3_155.mat,0.290712606056122
new_3_156.mat,0.0349512950650261
new_3_157.mat,0.33587692933826
new_3_158.mat,0.0332519650081729
new_3_159.mat,0.0347494899408698
new_3_15.mat,0.0692178486437368
new_3_160.mat,0.0307064448557776
new_3_161.mat,0.248805306354656
new_3_162.mat,0.0534836596846946
new_3_163.mat,0.0339342850148427
new_3_164.mat,0.267219010249428
new_3_165.mat,0.40398714444943
new_3_166.mat,0.143400383240266
new_3_167.mat,0.12639196825329
new_3_168.mat,0.335615033680397
new_3_169.mat,0.148878359527834
new_3_16.mat,0.0361587510834991
new_3_170.mat,0.0147907577544517
new_3_171.mat,0.0638453582566555
new_3_172.mat,0.0305539371975745
new_3_173.mat,0.110991016604045
new_3_174.mat,0.125418677862358
new_3_175.mat,0.057422424267375
new_3_176.mat,0.0124794676030386
new_3_177.mat,0.0355765814981497
new_3_178.mat,0.13251787827335
new_3_179.mat,0.0348942844533709
new_3_17.mat,0.240515947601651
new_3_180.mat,0.0158957506326177
new_3_181.mat,0.149634012582999
new_3_182.mat,0.680655549581211
new_3_183.mat,0.114348503589974
new_3_184.mat,0.0513050547507527
new_3_185.mat,0.0699758176927978
new_3_186.mat,0.315143890969003
new_3_187.mat,0.0277226099335779
new_3_188.mat,0.105559830126398
new_3_189.mat,0.71530860758022
new_3_18.mat,0.741770965341334
new_3_190.mat,0.0946136967304341
new_3_191.mat,0.700527426720111
new_3_192.mat,0.00409079144492946
new_3_193.mat,0.0190522584073108
new_3_194.mat,0.0285703799111778
new_3_195.mat,0.304479916145612
new_3_196.mat,0.326078220046216
new_3_197.mat,0.0947288233613531
new_3_198.mat,0.100052040993262
new_3_199.mat,0.121716566916095
new_3_19.mat,0.0789049347751451
new_3_1.mat,0.43214500741763
new_3_200.mat,0.00416013167612409
new_3_201.mat,0.0254413450532679
new_3_202.mat,0.339868754387751
new_3_203.mat,0.0325743639473495
new_3_204.mat,0.139508040270373
new_3_205.mat,0.00582069436794875
new_3_206.mat,0.0900699591023547
new_3_207.mat,0.44215307550593
new_3_208.mat,0.597700436010256
new_3_209.mat,0.62039534637991
new_3_20.mat,0.0595957518333224
new_3_210.mat,0.808948469436235
new_3_211.mat,0.0428277299676914
new_3_212.mat,0.119568489774536
new_3_213.mat,0.018296640160183
new_3_214.mat,0.0371604644997318
new_3_215.mat,0.123465402277265
new_3_216.mat,0.151489942922769
new_3_217.mat,0.0120415781332913
new_3_218.mat,0.0409214449994094
new_3_219.mat,0.108537677097883
new_3_21.mat,0.244914786609335
new_3_220.mat,0.695297451499271
new_3_221.mat,0.0579908490249617
new_3_222.mat,0.632458675706112
new_3_223.mat,0.658062985423471
new_3_224.mat,0.0346218972969125
new_3_225.mat,0.518918654866584
new_3_226.mat,0.022399294628827
new_3_227.mat,0.151837612403881
new_3_228.mat,0.249849667135268
new_3_229.mat,0.0506063586594307
new_3_22.mat,0.0439849986522212
new_3_230.mat,0.0337427781065844
new_3_231.mat,0.0179202818172562
new_3_232.mat,0.50693073455248
new_3_233.mat,0.0298214350096269
new_3_234.mat,0.308745629727314
new_3_235.mat,0.119582331280788
new_3_236.mat,0.116375756770891
new_3_237.mat,0.126022559229068
new_3_238.mat,0.249883659832967
new_3_239.mat,0.166974445592361
new_3_23.mat,0.207487136298061
new_3_240.mat,0.23277650265166
new_3_241.mat,0.248035180675023
new_3_242.mat,0.0593181459762122
new_3_243.mat,0.504727819189139
new_3_244.mat,0.275098611241229
new_3_245.mat,0.00209088165017036
new_3_246.mat,0.0662118621276141
new_3_247.mat,0.366502485788128
new_3_248.mat,0.24636190044678
new_3_249.mat,0.0280340279021123
new_3_24.mat,0.0445545038509114
new_3_250.mat,0.0689856176598079
new_3_251.mat,0.704533663066851
new_3_252.mat,0.705219742742872
new_3_253.mat,0.0139838536016654
new_3_254.mat,0.229300039590364
new_3_255.mat,0.268544596308002
new_3_256.mat,0.210144631937858
new_3_257.mat,0.0199283014365121
new_3_258.mat,0.122443561605222
new_3_259.mat,0.329781814527331
new_3_25.mat,0.765537365915033
new_3_260.mat,0.233409983189712
new_3_261.mat,0.264906097472012
new_3_262.mat,0.807881992458383
new_3_263.mat,0.0307700001190024
new_3_264.mat,0.0216832764075402
new_3_265.mat,0.0533409199730815
new_3_266.mat,0.21390167117576
new_3_267.mat,0.101750579066989
new_3_268.mat,0.244471969864074
new_3_269.mat,0.179657641742923
new_3_26.mat,0.138755396374906
new_3_270.mat,0.0920292596415921
new_3_271.mat,0.0499860836834235
new_3_272.mat,0.0280549829822875
new_3_273.mat,0.0337409354255856
new_3_274.mat,0.227555267259665
new_3_275.mat,0.242638185750623
new_3_276.mat,0.00312113137977197
new_3_277.mat,0.291669728525443
new_3_278.mat,0.026934094420265
new_3_279.mat,0.049630373246581
new_3_27.mat,0.553063450229707
new_3_280.mat,0.220874112382071
new_3_281.mat,0.0770322327554565
new_3_282.mat,0.199542001276147
new_3_283.mat,0.134718286483402
new_3_284.mat,0.124047414039014
new_3_285.mat,0.276885103575408
new_3_286.mat,0.043438811596382
new_3_287.mat,0.366270569948079
new_3_288.mat,0.0647682889451423
new_3_289.mat,0.0347941479965141
new_3_28.mat,0.195995989391885
new_3_290.mat,0.077847951037554
new_3_291.mat,0.162304029050958
new_3_292.mat,0.0982905939642779
new_3_293.mat,0.381964566463536
new_3_294.mat,0.230920127344702
new_3_295.mat,0.00859656953655132
new_3_296.mat,0.258658678477094
new_3_297.mat,0.391969210455229
new_3_298.mat,0.0815913742678803
new_3_299.mat,0.0573854131458379
new_3_29.mat,0.421643014123037
new_3_2.mat,0.193890320895485
new_3_300.mat,0.154622483933112
new_3_301.mat,0.170395432478625
new_3_302.mat,0.219766732343064
new_3_303.mat,0.021387494073642
new_3_304.mat,0.419377188024763
new_3_305.mat,0.245016719663819
new_3_306.mat,0.0520224559568264
new_3_307.mat,0.593253591837277
new_3_308.mat,0.0645128748681762
new_3_309.mat,0.041407447903079
new_3_30.mat,0.068189249097893
new_3_310.mat,0.219536366701446
new_3_311.mat,0.0430978799910394
new_3_312.mat,0.165804511844436
new_3_313.mat,0.112357339671537
new_3_314.mat,0.334165292303011
new_3_315.mat,0.207968700196539
new_3_316.mat,0.360601291446866
new_3_317.mat,0.0537095613732289
new_3_318.mat,0.238207102171932
new_3_319.mat,0.0242801910375925
new_3_31.mat,0.347386969684111
new_3_320.mat,0.0604779794709523
new_3_321.mat,0.058027011437183
new_3_322.mat,0.166791915191742
new_3_323.mat,0.0030080491152254
new_3_324.mat,0.628038023979598
new_3_325.mat,0.025472895789142
new_3_326.mat,0.107987092741244
new_3_327.mat,0.0598160818046126
new_3_328.mat,0.241010846880125
new_3_329.mat,0.303149070373979
new_3_32.mat,0.0195451617720943
new_3_330.mat,0.5689019654722
new_3_331.mat,0.095822662392809
new_3_332.mat,0.0783880949234692
new_3_333.mat,0.0492148414496731
new_3_334.mat,0.0631761822816721
new_3_335.mat,0.443663553690801
new_3_336.mat,0.0294582131857203
new_3_337.mat,0.0547991822048138
new_3_338.mat,0.0144817452478799
new_3_339.mat,0.0363191370197872
new_3_33.mat,0.0444890425502484
new_3_340.mat,0.163479114081462
new_3_341.mat,0.136266316229929
new_3_342.mat,0.121228302432633
new_3_343.mat,0.06423029548954
new_3_344.mat,0.047000866149398
new_3_345.mat,0.395764419153301
new_3_346.mat,0.0232236289513994
new_3_347.mat,0.117251268410728
new_3_348.mat,0.107616927253252
new_3_349.mat,0.0362328208211398
new_3_34.mat,0.00868677892691874
new_3_350.mat,0.36731780300481
new_3_351.mat,0.207047286307297
new_3_352.mat,0.0522555499396379
new_3_353.mat,0.0341194310302992
new_3_354.mat,0.193674909535264
new_3_355.mat,0.0441000699614909
new_3_356.mat,0.383401479135447
new_3_357.mat,0.00789571283750242
new_3_358.mat,0.0173018044101585
new_3_359.mat,0.17110158124035
new_3_35.mat,0.0651054570069821
new_3_360.mat,0.0673980265951885
new_3_361.mat,0.0350392703171253
new_3_362.mat,0.290453183544404
new_3_363.mat,0.738619272343821
new_3_364.mat,0.266246901419338
new_3_365.mat,0.304583499332031
new_3_366.mat,0.76509164252051
new_3_367.mat,0.316059752254121
new_3_368.mat,0.282178409986969
new_3_369.mat,0.0225138391533612
new_3_36.mat,0.228343905322597
new_3_370.mat,0.0461996337653127
new_3_371.mat,0.142555922000824
new_3_372.mat,0.0707962764118798
new_3_373.mat,0.00227805885548215
new_3_374.mat,0.110154296745115
new_3_375.mat,0.0909247863304573
new_3_376.mat,0.136189237331539
new_3_377.mat,0.168780367305098
new_3_378.mat,0.0843356845329832
new_3_379.mat,0.279146040925678
new_3_37.mat,0.201574682563494
new_3_380.mat,0.38721386828869
new_3_381.mat,0.0630394960385733
new_3_382.mat,0.0327292320155643
new_3_383.mat,0.599180208912071
new_3_384.mat,0.0482240863875724
new_3_385.mat,0.0509769484366116
new_3_386.mat,0.119434559661348
new_3_387.mat,0.0321862211404885
new_3_388.mat,0.0107071558658791
new_3_389.mat,0.0715083830512435
new_3_38.mat,0.0308666301143526
new_3_390.mat,0.00985624635599327
new_3_391.mat,0.409230369870196
new_3_392.mat,0.105296784914011
new_3_393.mat,0.231233124659363
new_3_394.mat,0.0354857871652707
new_3_395.mat,0.292540824471863
new_3_396.mat,0.0518392799430273
new_3_397.mat,0.0424534786489892
new_3_398.mat,0.349245060524594
new_3_399.mat,0.0119876490918382
new_3_39.mat,0.0807221282583974
new_3_3.mat,0.257737598757662
new_3_400.mat,0.0376797395118578
new_3_401.mat,0.0375297870418408
new_3_402.mat,0.631659497700062
new_3_403.mat,0.192389573294975
new_3_404.mat,0.475811646722122
new_3_405.mat,0.144594564380492
new_3_406.mat,0.0470815479825755
new_3_407.mat,0.0130972288891004
new_3_408.mat,0.429774005623886
new_3_409.mat,0.174077655639768
new_3_40.mat,0.246680596404669
new_3_410.mat,0.0772817474698833
new_3_411.mat,0.0256221094840894
new_3_412.mat,0.359561330828085
new_3_413.mat,0.257155928510286
new_3_414.mat,0.0590817254838309
new_3_415.mat,0.0714547981976707
new_3_416.mat,0.0926698817213867
new_3_417.mat,0.240447345112052
new_3_418.mat,0.157779768950762
new_3_419.mat,0.0551446151404178
new_3_41.mat,0.204978019317903
new_3_420.mat,0.0724462318501389
new_3_421.mat,0.377572425335082
new_3_422.mat,0.100030456256231
new_3_423.mat,0.52301484716247
new_3_424.mat,0.0914881347576226
new_3_425.mat,0.319156651189691
new_3_426.mat,0.359686085081204
new_3_427.mat,0.121571575527413
new_3_428.mat,0.0246536746870219
new_3_429.mat,0.0435366704092172
new_3_42.mat,0.0680930728547958
new_3_430.mat,0.0523624251222706
new_3_431.mat,0.0217628617891017
new_3_432.mat,0.0348951800034195
new_3_433.mat,0.014936024676869
new_3_434.mat,0.127406999347892
new_3_435.mat,0.447921380862208
new_3_436.mat,0.0607002200809583
new_3_437.mat,0.542592977868737
new_3_438.mat,0.0868023250726054
new_3_439.mat,0.170449241843396
new_3_43.mat,0.432618698121675
new_3_440.mat,0.115476428290729
new_3_441.mat,0.00281849924993325
new_3_442.mat,0.102406817996396
new_3_443.mat,0.0451569958123374
new_3_444.mat,0.115566070446737
new_3_445.mat,0.0456516447647793
new_3_446.mat,0.0123721654731695
new_3_447.mat,0.465526826643824
new_3_448.mat,0.0291358594108371
new_3_449.mat,0.0596790161887923
new_3_44.mat,0.213864757414433
new_3_450.mat,0.020861579172884
new_3_451.mat,0.224092032734276
new_3_452.mat,0.151305502717121
new_3_453.mat,0.701137976286571
new_3_454.mat,0.0355979792700297
new_3_455.mat,0.0189992927176029
new_3_456.mat,0.072060432038019
new_3_457.mat,0.0480645411571449
new_3_458.mat,0.315817445388259
new_3_459.mat,0.217927582149133
new_3_45.mat,0.098440651701782
new_3_460.mat,0.643810373832757
new_3_461.mat,0.0601074405590677
new_3_462.mat,0.128204763978126
new_3_463.mat,0.027449391646766
new_3_464.mat,0.398241305172926
new_3_465.mat,0.235855837324142
new_3_466.mat,0.297109226640975
new_3_467.mat,0.0207094961084888
new_3_468.mat,0.0882886860015709
new_3_469.mat,0.0251708286962343
new_3_46.mat,0.436127618047173
new_3_470.mat,0.45964064899027
new_3_471.mat,0.0396759258278266
new_3_472.mat,0.199753879857666
new_3_473.mat,0.119333519975196
new_3_474.mat,0.0327865732728719
new_3_475.mat,0.179571125651452
new_3_476.mat,0.0587464728568532
new_3_477.mat,0.353212233251825
new_3_478.mat,0.0228896532050805
new_3_479.mat,0.0369830351746596
new_3_47.mat,0.00948772598273083
new_3_480.mat,0.0717534845893313
new_3_481.mat,0.323557130798881
new_3_482.mat,0.0264452431651987
new_3_483.mat,0.214945436041268
new_3_484.mat,0.0141859416111107
new_3_485.mat,0.0226014190623921
new_3_486.mat,0.0381026591098887
new_3_487.mat,0.632101639263654
new_3_488.mat,0.410967641906069
new_3_489.mat,0.493312572008353
new_3_48.mat,0.117898843663765
new_3_490.mat,0.0403090482097692
new_3_491.mat,0.0498819414249613
new_3_492.mat,0.127837276548508
new_3_493.mat,0.0657181802047532
new_3_494.mat,0.106438966580974
new_3_495.mat,0.31560607946141
new_3_496.mat,0.486732705039942
new_3_497.mat,0.036196155171044
new_3_498.mat,0.0227962682932021
new_3_499.mat,0.21990188529895
new_3_49.mat,0.0314436092820162
new_3_4.mat,0.299268383570282
new_3_500.mat,0.0503904506026622
new_3_501.mat,0.144695087850086
new_3_502.mat,0.361789803834525
new_3_503.mat,0.0481507386824788
new_3_504.mat,0.0466123248640228
new_3_505.mat,0.150368023321363
new_3_506.mat,0.411264481881017
new_3_507.mat,0.0434988093796805
new_3_508.mat,0.0744669712858023
new_3_509.mat,0.118647920007524
new_3_50.mat,0.0842932596733995
new_3_510.mat,0.0529355144695846
new_3_511.mat,0.00343406789481952
new_3_512.mat,0.413135494749932
new_3_513.mat,0.051636357611664
new_3_514.mat,0.0642614111648854
new_3_515.mat,0.389972433622686
new_3_516.mat,0.0107530152710902
new_3_517.mat,0.0172915676889897
new_3_518.mat,0.0365853937398257
new_3_519.mat,0.342032788164765
new_3_51.mat,0.0339978403511335
new_3_520.mat,0.0188787742180088
new_3_521.mat,0.0351988764534485
new_3_522.mat,0.68182551272081
new_3_523.mat,0.10416095534225
new_3_524.mat,0.190273967396304
new_3_525.mat,0.0383427192619403
new_3_526.mat,0.0690811154067186
new_3_527.mat,0.140153720153732
new_3_528.mat,0.0111788516386163
new_3_529.mat,0.167097575937102
new_3_52.mat,0.0354281847372921
new_3_530.mat,0.039372267730525
new_3_531.mat,0.153543732870636
new_3_532.mat,0.590353499290347
new_3_533.mat,0.341572681229054
new_3_534.mat,0.0155277679604529
new_3_535.mat,0.151463966945319
new_3_536.mat,0.410004255050929
new_3_537.mat,0.209577598571908
new_3_538.mat,0.00802726339189261
new_3_539.mat,0.646316734997826
new_3_53.mat,0.550219737445707
new_3_540.mat,0.028084857394065
new_3_541.mat,0.207510159371242
new_3_542.mat,0.0308348447279932
new_3_543.mat,0.0229663988049505
new_3_544.mat,0
new_3_545.mat,0.0741824123591668
new_3_546.mat,0.108532903374588
new_3_547.mat,0.0323001881472017
new_3_548.mat,0.0214937357305199
new_3_549.mat,0.0217537426801675
new_3_54.mat,0.08834838475001
new_3_550.mat,0.706932597493078
new_3_551.mat,0.500944450853707
new_3_552.mat,0.0548918572109456
new_3_553.mat,0.0444790196390267
new_3_554.mat,0.391476976317113
new_3_555.mat,0.00390968265225747
new_3_556.mat,0.24579673788526
new_3_557.mat,0.30023490735045
new_3_558.mat,0.0683816569316606
new_3_559.mat,0.390073038083603
new_3_55.mat,0.0379450766911021
new_3_560.mat,0.614235236317513
new_3_561.mat,0.0197502689313682
new_3_562.mat,0.294991694045991
new_3_563.mat,0.118695274978092
new_3_564.mat,0.0207579915721254
new_3_565.mat,0.0465150641156421
new_3_566.mat,0.62793594304514
new_3_567.mat,0.238546476298492
new_3_568.mat,0.0806077680993765
new_3_569.mat,0.0209657797978634
new_3_56.mat,0.39402061918127
new_3_570.mat,0.63549213705027
new_3_571.mat,0.0226375032600103
new_3_572.mat,0.176608583678339
new_3_573.mat,0.234963666345741
new_3_574.mat,0.319383351199922
new_3_575.mat,0.24434890136495
new_3_576.mat,0.0477356475384923
new_3_577.mat,0.407755049489267
new_3_578.mat,0.0463175381153845
new_3_579.mat,0.0129839612306268
new_3_57.mat,0.209640442516378
new_3_580.mat,0.279387190419611
new_3_581.mat,0.214628059699693
new_3_582.mat,0.0288892519522931
new_3_583.mat,0.00471925636258843
new_3_584.mat,0.0300879301738341
new_3_585.mat,0.00911289460921349
new_3_586.mat,0.732738599928469
new_3_587.mat,0.0397228120195763
new_3_588.mat,0.0768094929717612
new_3_589.mat,0.134410084644556
new_3_58.mat,0.149519811462309
new_3_590.mat,0.210030056876578
new_3_591.mat,0.401544424807588
new_3_592.mat,0.0861984493380209
new_3_593.mat,0.0308221237641577
new_3_594.mat,0.0495375801739448
new_3_595.mat,0.210535204033294
new_3_596.mat,0.0229279642625494
new_3_597.mat,0.0729623975502807
new_3_598.mat,0.0637641494663652
new_3_599.mat,0.0549839846275035
new_3_59.mat,0.0746402281885167
new_3_5.mat,0.119312408947369
new_3_600.mat,0.0205703947172574
new_3_601.mat,0.0844001028562087
new_3_602.mat,0.609502110360405
new_3_603.mat,0.0453348002087635
new_3_604.mat,0.00342223871104067
new_3_605.mat,0.227914527564908
new_3_606.mat,0.0423946519655886
new_3_607.mat,0.00844565615243311
new_3_608.mat,0.18216791158728
new_3_609.mat,0.402156144118062
new_3_60.mat,0.198329257054381
new_3_610.mat,0.00940180237249988
new_3_611.mat,0.0215228868710688
new_3_612.mat,0.100584096601037
new_3_613.mat,0.493645029541552
new_3_614.mat,0.408103926659712
new_3_615.mat,0.0511536181447529
new_3_616.mat,0.587560823514494
new_3_617.mat,0.0291467655541962
new_3_618.mat,0.168436277430179
new_3_619.mat,0.0358067576200483
new_3_61.mat,0.0352603578412939
new_3_620.mat,0.0979334650649916
new_3_621.mat,0.154658733317947
new_3_622.mat,0.0143457030133367
new_3_623.mat,0.0250405782626346
new_3_624.mat,0.129595877957575
new_3_625.mat,0.250450161791308
new_3_626.mat,0.315817662369147
new_3_627.mat,0.173254303396152
new_3_628.mat,0.306108359722123
new_3_629.mat,0.0396505745795134
new_3_62.mat,0.174569734604285
new_3_630.mat,0.0252917223566462
new_3_631.mat,0.0776049537565756
new_3_632.mat,0.363240256221621
new_3_633.mat,0.269655605103092
new_3_634.mat,0.704171178068634
new_3_635.mat,0.107710036432646
new_3_636.mat,0.0341271937435617
new_3_637.mat,0.293673932023687
new_3_638.mat,0.423026906370135
new_3_639.mat,0.0720319964029216
new_3_63.mat,0.243685929871495
new_3_640.mat,0.209051268194326
new_3_641.mat,0.0523302731966343
new_3_642.mat,0.128270449854416
new_3_643.mat,0.158731990402543
new_3_644.mat,0.0247900909281196
new_3_645.mat,0.415310599078517
new_3_646.mat,0.167067791224933
new_3_647.mat,0.0192915313714901
new_3_648.mat,0.117541019497607
new_3_649.mat,0.446818072061221
new_3_64.mat,0.312248906412885
new_3_650.mat,0.0839575324502097
new_3_651.mat,0.0328180909178981
new_3_652.mat,0.349092566874134
new_3_653.mat,0.0627841207080816
new_3_654.mat,0.173975583130888
new_3_655.mat,0.0581348564345192
new_3_656.mat,0.139367567963141
new_3_657.mat,0.359023668551941
new_3_658.mat,0.349363307216866
new_3_659.mat,0.0156225920399534
new_3_65.mat,0.103786228652925
new_3_660.mat,0.0825847327648042
new_3_661.mat,0.0488840580265376
new_3_662.mat,0.11176921277638
new_3_663.mat,0.20810797090482
new_3_664.mat,0.075684481725816
new_3_665.mat,0.0973836310996848
new_3_666.mat,0.141782865760428
new_3_667.mat,0.0771505481604888
new_3_668.mat,0.153876342847382
new_3_669.mat,0.412158157928469
new_3_66.mat,0.0396019441052456
new_3_670.mat,0.0432231995642929
new_3_671.mat,0.115689658499231
new_3_672.mat,0.0017033450977046
new_3_673.mat,0.0940355511301258
new_3_674.mat,0.0207305980269415
new_3_675.mat,0.293661110658347
new_3_676.mat,0.225937293898006
new_3_677.mat,0.234389768035605
new_3_678.mat,0.0875033619485544
new_3_679.mat,0.767493750899473
new_3_67.mat,0.140745344790741
new_3_680.mat,0.00464910207330125
new_3_681.mat,0.0135450345447317
new_3_682.mat,0.0145432450745877
new_3_683.mat,0.194241969322055
new_3_684.mat,0.0226850721942088
new_3_685.mat,0.434002178516159
new_3_686.mat,0.0059482231784513
new_3_687.mat,0.0185975561086392
new_3_688.mat,0.255229959957228
new_3_689.mat,0.048717960727176
new_3_68.mat,0.0895677491786635
new_3_690.mat,0.237555438915587
new_3_69.mat,0.394021482536964
new_3_6.mat,0.0589501379438639
new_3_70.mat,0.160450914491425
new_3_71.mat,0.0532682468841462
new_3_72.mat,0.142612566443282
new_3_73.mat,0.0382394127206998
new_3_74.mat,0.169855465156192
new_3_75.mat,0.0460429886968236
new_3_76.mat,0.00757860369367397
new_3_77.mat,0.10145609120699
new_3_78.mat,0.282963370956839
new_3_79.mat,0.364956287018381
new_3_7.mat,0.0191529788620426
new_3_80.mat,0.0521151220720443
new_3_81.mat,0.425097514687253
new_3_82.mat,0.00621847413902078
new_3_83.mat,0.0820728412794077
new_3_84.mat,0.0887045000618808
new_3_85.mat,0.325614677701869
new_3_86.mat,0.0398622091820038
new_3_87.mat,0.0300793742183741
new_3_88.mat,0.058709742875582
new_3_89.mat,0.0259809369663639
new_3_8.mat,0.579301670716195
new_3_90.mat,0.0245994713510789
new_3_91.mat,0.0840188211809134
new_3_92.mat,0.0101426689457256
new_3_93.mat,0.120100361885117
new_3_94.mat,0.471099864559414
new_3_95.mat,0.0273508790199614
new_3_96.mat,0.714325278698039
new_3_97.mat,0.0388339452395172
new_3_98.mat,0.252134307977644
new_3_99.mat,0.0188856865253275
new_3_9.mat,0.156006342203794
